{
    "cam_coords": [
        [
            -0.170026683419571, 
            -0.015291479022745158, 
            0.8170018792152405
        ], 
        [
            -0.1744114528684055, 
            0.09587098889172395, 
            0.8274403810501099
        ], 
        [
            -0.053721195608111845, 
            0.13268053680392725, 
            0.8090628385543823
        ], 
        [
            0.07012863696258974, 
            0.17549779501190793, 
            0.7907972931861877
        ], 
        [
            0.15471299157316878, 
            0.07892807245042022, 
            0.7836928963661194
        ], 
        [
            0.16813893138087363, 
            -0.06614160861773498, 
            0.781167209148407
        ], 
        [
            0.053921792118307124, 
            -0.08498931472951715, 
            0.8013278245925903
        ], 
        [
            -0.044416531522006274, 
            -0.01227774042071717, 
            0.810330867767334
        ], 
        [
            -0.07546493118884517, 
            0.05127282406132065, 
            0.8102550506591797
        ]
    ], 
    "pixels": [
        [
            172, 
            225
        ], 
        [
            170, 
            318
        ], 
        [
            270, 
            352
        ], 
        [
            378, 
            392
        ], 
        [
            454, 
            308
        ], 
        [
            466, 
            179
        ], 
        [
            363, 
            164
        ], 
        [
            279, 
            227
        ], 
        [
            252, 
            282
        ]
    ], 
    "world_coords": [
        [
            0.4292301209724836, 
            0.15783519215155936, 
            0.024811629537334845
        ], 
        [
            0.3182792251289664, 
            0.16233721545482782, 
            0.012365611552335398
        ], 
        [
            0.2828104876325481, 
            0.03986408689209425, 
            0.01341848903002385
        ], 
        [
            0.2413843019521129, 
            -0.08579200783887227, 
            0.013789052392554568
        ], 
        [
            0.3389799505024022, 
            -0.169468249385, 
            0.011774285954165742
        ], 
        [
            0.48413454861113914, 
            -0.18147791470398442, 
            0.0159864786505729
        ], 
        [
            0.5017814247196704, 
            -0.0653797206963121, 
            0.011859585802475814
        ], 
        [
            0.42787967900583257, 
            0.03244865681532126, 
            0.014425170884332372
        ], 
        [
            0.3639021610932622, 
            0.06248494323427284, 
            0.017141413444525022
        ]
    ], 
    "world_thetas": [
        1.5837360732028356, 
        1.7720187643451177, 
        -2.6793884622475987, 
        2.7990291919187036, 
        1.2417328129564118, 
        1.9325099640598244, 
        0.5681725723817593, 
        0.9097947246159914, 
        1.3713206943362397
    ]
}